{"accuracy": [0.5974251627922058, 0.8586101531982422, 0.915755033493042, 0.9398961663246155, 0.9548901319503784, 0.9653602838516235, 0.9717618823051453, 0.9758304357528687, 0.9787182807922363, 0.9814353585243225], "loss": [1.3741929531097412, 0.44325846433639526, 0.2629327178001404, 0.18604576587677002, 0.13807542622089386, 0.10690891742706299, 0.08733712136745453, 0.07425085455179214, 0.0660693570971489, 0.05782036483287811], "val_accuracy": [0.8412815928459167, 0.8850443959236145, 0.9306282997131348, 0.9401320219039917, 0.9437173008918762, 0.9650580286979675, 0.9583997130393982, 0.9615297317504883, 0.9570908546447754, 0.9699522256851196], "val_loss": [0.4936574697494507, 0.3555924594402313, 0.21549302339553833, 0.1912178099155426, 0.185730442404747, 0.10903038829565048, 0.13245917856693268, 0.1287449151277542, 0.1439507156610489, 0.10527580976486206]}